USE master;
GO
CREATE DATABASE [BBDDII];
GO

USE [BBDDII]

GO
/****** Object:  Table [dbo].[JOBS]     ******/
SET ANSI_NULLS ON
GO
SET QUOTED_IDENTIFIER ON
GO
SET ANSI_PADDING ON
GO
IF NOT EXISTS (SELECT * FROM sys.objects WHERE object_id = OBJECT_ID(N'[dbo].[JOBS]') AND type in (N'U'))
BEGIN
CREATE TABLE [dbo].[JOBS](
	[JOB_ID] [varchar](10) NOT NULL,
	[JOB_TITLE] [varchar](35) NOT NULL,
	[MIN_SALARY] [numeric](6, 0) NULL,
	[MAX_SALARY] [numeric](6, 0) NULL,
 CONSTRAINT [PK_JOBS] PRIMARY KEY CLUSTERED 
(
	[JOB_ID] ASC
)WITH (PAD_INDEX  = OFF, STATISTICS_NORECOMPUTE  = OFF, IGNORE_DUP_KEY = OFF, ALLOW_ROW_LOCKS  = ON, ALLOW_PAGE_LOCKS  = ON) ON [PRIMARY]
) ON [PRIMARY]
END
GO
SET ANSI_PADDING OFF
GO
INSERT [dbo].[JOBS] ([JOB_ID], [JOB_TITLE], [MIN_SALARY], [MAX_SALARY]) VALUES (N'AC_ACCOUNT', N'Public Accountant', CAST(4200 AS Numeric(6, 0)), CAST(9000 AS Numeric(6, 0)))
INSERT [dbo].[JOBS] ([JOB_ID], [JOB_TITLE], [MIN_SALARY], [MAX_SALARY]) VALUES (N'AC_MGR', N'Accounting Manager', CAST(8200 AS Numeric(6, 0)), CAST(16000 AS Numeric(6, 0)))
INSERT [dbo].[JOBS] ([JOB_ID], [JOB_TITLE], [MIN_SALARY], [MAX_SALARY]) VALUES (N'AD_ASST', N'Administration Assistant', CAST(3000 AS Numeric(6, 0)), CAST(6000 AS Numeric(6, 0)))
INSERT [dbo].[JOBS] ([JOB_ID], [JOB_TITLE], [MIN_SALARY], [MAX_SALARY]) VALUES (N'AD_PRES', N'President', CAST(20000 AS Numeric(6, 0)), CAST(40000 AS Numeric(6, 0)))
INSERT [dbo].[JOBS] ([JOB_ID], [JOB_TITLE], [MIN_SALARY], [MAX_SALARY]) VALUES (N'AD_VP', N'Administration Vice President', CAST(15000 AS Numeric(6, 0)), CAST(30000 AS Numeric(6, 0)))
INSERT [dbo].[JOBS] ([JOB_ID], [JOB_TITLE], [MIN_SALARY], [MAX_SALARY]) VALUES (N'IT_PROG', N'Programmer', CAST(4000 AS Numeric(6, 0)), CAST(10000 AS Numeric(6, 0)))
INSERT [dbo].[JOBS] ([JOB_ID], [JOB_TITLE], [MIN_SALARY], [MAX_SALARY]) VALUES (N'MK_MAN', N'Marketing Manager', CAST(9000 AS Numeric(6, 0)), CAST(15000 AS Numeric(6, 0)))
INSERT [dbo].[JOBS] ([JOB_ID], [JOB_TITLE], [MIN_SALARY], [MAX_SALARY]) VALUES (N'MK_REP', N'Marketing Representative', CAST(4000 AS Numeric(6, 0)), CAST(9000 AS Numeric(6, 0)))
INSERT [dbo].[JOBS] ([JOB_ID], [JOB_TITLE], [MIN_SALARY], [MAX_SALARY]) VALUES (N'SA_MAN', N'Sales Manager', CAST(10000 AS Numeric(6, 0)), CAST(20000 AS Numeric(6, 0)))
INSERT [dbo].[JOBS] ([JOB_ID], [JOB_TITLE], [MIN_SALARY], [MAX_SALARY]) VALUES (N'SA_REP', N'Sales Representative', CAST(6000 AS Numeric(6, 0)), CAST(12000 AS Numeric(6, 0)))
INSERT [dbo].[JOBS] ([JOB_ID], [JOB_TITLE], [MIN_SALARY], [MAX_SALARY]) VALUES (N'ST_CLERK', N'Stock Clerk', CAST(2000 AS Numeric(6, 0)), CAST(5000 AS Numeric(6, 0)))
INSERT [dbo].[JOBS] ([JOB_ID], [JOB_TITLE], [MIN_SALARY], [MAX_SALARY]) VALUES (N'ST_MAN', N'Stock Manager', CAST(5500 AS Numeric(6, 0)), CAST(8500 AS Numeric(6, 0)))
/****** Object:  Table [dbo].[REGIONS]    ******/
SET ANSI_NULLS ON
GO
SET QUOTED_IDENTIFIER ON
GO
SET ANSI_PADDING ON
GO
IF NOT EXISTS (SELECT * FROM sys.objects WHERE object_id = OBJECT_ID(N'[dbo].[REGIONS]') AND type in (N'U'))
BEGIN
CREATE TABLE [dbo].[REGIONS](
	[REGION_ID] [numeric](38, 0) NOT NULL,
	[REGION_NAME] [varchar](25) NULL,
 CONSTRAINT [PK_REGIONS] PRIMARY KEY CLUSTERED 
(
	[REGION_ID] ASC
)WITH (PAD_INDEX  = OFF, STATISTICS_NORECOMPUTE  = OFF, IGNORE_DUP_KEY = OFF, ALLOW_ROW_LOCKS  = ON, ALLOW_PAGE_LOCKS  = ON) ON [PRIMARY]
) ON [PRIMARY]
END
GO
SET ANSI_PADDING OFF
GO
INSERT [dbo].[REGIONS] ([REGION_ID], [REGION_NAME]) VALUES (CAST(1 AS Numeric(38, 0)), N'Europe')
INSERT [dbo].[REGIONS] ([REGION_ID], [REGION_NAME]) VALUES (CAST(2 AS Numeric(38, 0)), N'Americas')
INSERT [dbo].[REGIONS] ([REGION_ID], [REGION_NAME]) VALUES (CAST(3 AS Numeric(38, 0)), N'Asia')
INSERT [dbo].[REGIONS] ([REGION_ID], [REGION_NAME]) VALUES (CAST(4 AS Numeric(38, 0)), N'Middle East and Africa')
/****** Object:  Table [dbo].[COUNTRIES]     ******/
SET ANSI_NULLS ON
GO
SET QUOTED_IDENTIFIER ON
GO
SET ANSI_PADDING ON
GO
IF NOT EXISTS (SELECT * FROM sys.objects WHERE object_id = OBJECT_ID(N'[dbo].[COUNTRIES]') AND type in (N'U'))
BEGIN
CREATE TABLE [dbo].[COUNTRIES](
	[COUNTRY_ID] [char](2) NOT NULL,
	[COUNTRY_NAME] [varchar](40) NULL,
	[REGION_ID] [numeric](38, 0) NULL,
 CONSTRAINT [PK_COUNTRIES] PRIMARY KEY CLUSTERED 
(
	[COUNTRY_ID] ASC
)WITH (PAD_INDEX  = OFF, STATISTICS_NORECOMPUTE  = OFF, IGNORE_DUP_KEY = OFF, ALLOW_ROW_LOCKS  = ON, ALLOW_PAGE_LOCKS  = ON) ON [PRIMARY]
) ON [PRIMARY]
END
GO
SET ANSI_PADDING OFF
GO
INSERT [dbo].[COUNTRIES] ([COUNTRY_ID], [COUNTRY_NAME], [REGION_ID]) VALUES (N'CA', N'Canada', CAST(2 AS Numeric(38, 0)))
INSERT [dbo].[COUNTRIES] ([COUNTRY_ID], [COUNTRY_NAME], [REGION_ID]) VALUES (N'DE', N'Germany', CAST(1 AS Numeric(38, 0)))
INSERT [dbo].[COUNTRIES] ([COUNTRY_ID], [COUNTRY_NAME], [REGION_ID]) VALUES (N'UK', N'United Kingdom', CAST(1 AS Numeric(38, 0)))
INSERT [dbo].[COUNTRIES] ([COUNTRY_ID], [COUNTRY_NAME], [REGION_ID]) VALUES (N'US', N'United States of America', CAST(2 AS Numeric(38, 0)))
/****** Object:  Table [dbo].[LOCATIONS]     ******/
SET ANSI_NULLS ON
GO
SET QUOTED_IDENTIFIER ON
GO
SET ANSI_PADDING ON
GO
IF NOT EXISTS (SELECT * FROM sys.objects WHERE object_id = OBJECT_ID(N'[dbo].[LOCATIONS]') AND type in (N'U'))
BEGIN
CREATE TABLE [dbo].[LOCATIONS](
	[LOCATION_ID] [numeric](4, 0) NOT NULL,
	[STREET_ADDRESS] [varchar](40) NULL,
	[POSTAL_CODE] [varchar](12) NULL,
	[CITY] [varchar](30) NOT NULL,
	[STATE_PROVINCE] [varchar](25) NULL,
	[COUNTRY_ID] [char](2) NULL,
 CONSTRAINT [PK_LOCATIONS] PRIMARY KEY CLUSTERED 
(
	[LOCATION_ID] ASC
)WITH (PAD_INDEX  = OFF, STATISTICS_NORECOMPUTE  = OFF, IGNORE_DUP_KEY = OFF, ALLOW_ROW_LOCKS  = ON, ALLOW_PAGE_LOCKS  = ON) ON [PRIMARY]
) ON [PRIMARY]
END
GO
SET ANSI_PADDING OFF
GO
INSERT [dbo].[LOCATIONS] ([LOCATION_ID], [STREET_ADDRESS], [POSTAL_CODE], [CITY], [STATE_PROVINCE], [COUNTRY_ID]) VALUES (CAST(1400 AS Numeric(4, 0)), N'2014 Jabberwocky Rd', N'26192', N'Southlake', N'Texas', N'US')
INSERT [dbo].[LOCATIONS] ([LOCATION_ID], [STREET_ADDRESS], [POSTAL_CODE], [CITY], [STATE_PROVINCE], [COUNTRY_ID]) VALUES (CAST(1500 AS Numeric(4, 0)), N'2011 Interiors Blvd', N'99236', N'South San Francisco', N'California', N'US')
INSERT [dbo].[LOCATIONS] ([LOCATION_ID], [STREET_ADDRESS], [POSTAL_CODE], [CITY], [STATE_PROVINCE], [COUNTRY_ID]) VALUES (CAST(1700 AS Numeric(4, 0)), N'2004 Charade Rd', N'98199', N'Seattle', N'Washington', N'US')
INSERT [dbo].[LOCATIONS] ([LOCATION_ID], [STREET_ADDRESS], [POSTAL_CODE], [CITY], [STATE_PROVINCE], [COUNTRY_ID]) VALUES (CAST(1800 AS Numeric(4, 0)), N'460 Bloor St. W.', N'ON M5S 1X8', N'Toronto', N'Ontario', N'CA')
INSERT [dbo].[LOCATIONS] ([LOCATION_ID], [STREET_ADDRESS], [POSTAL_CODE], [CITY], [STATE_PROVINCE], [COUNTRY_ID]) VALUES (CAST(2500 AS Numeric(4, 0)), N'Magdalen Centre, The Oxford Science Park', N'OX9 9ZB', N'Oxford', N'Oxford', N'UK')
/****** Object:  Table [dbo].[DEPARTMENTS]     ******/
SET ANSI_NULLS ON
GO
SET QUOTED_IDENTIFIER ON
GO
SET ANSI_PADDING ON
GO
IF NOT EXISTS (SELECT * FROM sys.objects WHERE object_id = OBJECT_ID(N'[dbo].[DEPARTMENTS]') AND type in (N'U'))
BEGIN
CREATE TABLE [dbo].[DEPARTMENTS](
	[DEPARTMENT_ID] [numeric](4, 0) NOT NULL,
	[DEPARTMENT_NAME] [varchar](30) NOT NULL,
	[MANAGER_ID] [numeric](6, 0) NULL,
	[LOCATION_ID] [numeric](4, 0) NULL,
 CONSTRAINT [PK_DEPARTMENTS] PRIMARY KEY CLUSTERED 
(
	[DEPARTMENT_ID] ASC
)WITH (PAD_INDEX  = OFF, STATISTICS_NORECOMPUTE  = OFF, IGNORE_DUP_KEY = OFF, ALLOW_ROW_LOCKS  = ON, ALLOW_PAGE_LOCKS  = ON) ON [PRIMARY]
) ON [PRIMARY]
END
GO
SET ANSI_PADDING OFF
GO
INSERT [dbo].[DEPARTMENTS] ([DEPARTMENT_ID], [DEPARTMENT_NAME], [MANAGER_ID], [LOCATION_ID]) VALUES (CAST(10 AS Numeric(4, 0)), N'Administration', CAST(200 AS Numeric(6, 0)), CAST(1700 AS Numeric(4, 0)))
INSERT [dbo].[DEPARTMENTS] ([DEPARTMENT_ID], [DEPARTMENT_NAME], [MANAGER_ID], [LOCATION_ID]) VALUES (CAST(20 AS Numeric(4, 0)), N'Marketing', CAST(201 AS Numeric(6, 0)), CAST(1800 AS Numeric(4, 0)))
INSERT [dbo].[DEPARTMENTS] ([DEPARTMENT_ID], [DEPARTMENT_NAME], [MANAGER_ID], [LOCATION_ID]) VALUES (CAST(50 AS Numeric(4, 0)), N'Shipping', CAST(124 AS Numeric(6, 0)), CAST(1500 AS Numeric(4, 0)))
INSERT [dbo].[DEPARTMENTS] ([DEPARTMENT_ID], [DEPARTMENT_NAME], [MANAGER_ID], [LOCATION_ID]) VALUES (CAST(60 AS Numeric(4, 0)), N'IT', CAST(103 AS Numeric(6, 0)), CAST(1400 AS Numeric(4, 0)))
INSERT [dbo].[DEPARTMENTS] ([DEPARTMENT_ID], [DEPARTMENT_NAME], [MANAGER_ID], [LOCATION_ID]) VALUES (CAST(80 AS Numeric(4, 0)), N'Sales', CAST(149 AS Numeric(6, 0)), CAST(2500 AS Numeric(4, 0)))
INSERT [dbo].[DEPARTMENTS] ([DEPARTMENT_ID], [DEPARTMENT_NAME], [MANAGER_ID], [LOCATION_ID]) VALUES (CAST(90 AS Numeric(4, 0)), N'Executive', CAST(100 AS Numeric(6, 0)), CAST(1700 AS Numeric(4, 0)))
INSERT [dbo].[DEPARTMENTS] ([DEPARTMENT_ID], [DEPARTMENT_NAME], [MANAGER_ID], [LOCATION_ID]) VALUES (CAST(110 AS Numeric(4, 0)), N'Accounting', CAST(205 AS Numeric(6, 0)), CAST(1700 AS Numeric(4, 0)))
INSERT [dbo].[DEPARTMENTS] ([DEPARTMENT_ID], [DEPARTMENT_NAME], [MANAGER_ID], [LOCATION_ID]) VALUES (CAST(190 AS Numeric(4, 0)), N'Contracting', NULL, CAST(1700 AS Numeric(4, 0)))
/****** Object:  Table [dbo].[JOB_HISTORY]     ******/
SET ANSI_NULLS ON
GO
SET QUOTED_IDENTIFIER ON
GO
SET ANSI_PADDING ON
GO
IF NOT EXISTS (SELECT * FROM sys.objects WHERE object_id = OBJECT_ID(N'[dbo].[JOB_HISTORY]') AND type in (N'U'))
BEGIN
CREATE TABLE [dbo].[JOB_HISTORY](
	[EMPLOYEE_ID] [numeric](6, 0) NOT NULL,
	[START_DATE] [datetime] NOT NULL,
	[END_DATE] [datetime] NOT NULL,
	[JOB_ID] [varchar](10) NOT NULL,
	[DEPARTMENT_ID] [numeric](4, 0) NULL
) ON [PRIMARY]
END
GO
SET ANSI_PADDING OFF
GO
INSERT [dbo].[JOB_HISTORY] ([EMPLOYEE_ID], [START_DATE], [END_DATE], [JOB_ID], [DEPARTMENT_ID]) VALUES (CAST(102 AS Numeric(6, 0)), CAST(0x000084BC00000000 AS DateTime), CAST(0x00008C9E00000000 AS DateTime), N'IT_PROG', CAST(60 AS Numeric(4, 0)))
INSERT [dbo].[JOB_HISTORY] ([EMPLOYEE_ID], [START_DATE], [END_DATE], [JOB_ID], [DEPARTMENT_ID]) VALUES (CAST(101 AS Numeric(6, 0)), CAST(0x0000800200000000 AS DateTime), CAST(0x000085DB00000000 AS DateTime), N'AC_ACCOUNT', CAST(110 AS Numeric(4, 0)))
INSERT [dbo].[JOB_HISTORY] ([EMPLOYEE_ID], [START_DATE], [END_DATE], [JOB_ID], [DEPARTMENT_ID]) VALUES (CAST(101 AS Numeric(6, 0)), CAST(0x000085DC00000000 AS DateTime), CAST(0x00008AAE00000000 AS DateTime), N'AC_MGR', CAST(110 AS Numeric(4, 0)))
INSERT [dbo].[JOB_HISTORY] ([EMPLOYEE_ID], [START_DATE], [END_DATE], [JOB_ID], [DEPARTMENT_ID]) VALUES (CAST(201 AS Numeric(6, 0)), CAST(0x0000892600000000 AS DateTime), CAST(0x00008E9F00000000 AS DateTime), N'MK_REP', CAST(20 AS Numeric(4, 0)))
INSERT [dbo].[JOB_HISTORY] ([EMPLOYEE_ID], [START_DATE], [END_DATE], [JOB_ID], [DEPARTMENT_ID]) VALUES (CAST(114 AS Numeric(6, 0)), CAST(0x00008C2400000000 AS DateTime), CAST(0x00008EAB00000000 AS DateTime), N'ST_CLERK', CAST(50 AS Numeric(4, 0)))
INSERT [dbo].[JOB_HISTORY] ([EMPLOYEE_ID], [START_DATE], [END_DATE], [JOB_ID], [DEPARTMENT_ID]) VALUES (CAST(122 AS Numeric(6, 0)), CAST(0x00008D3F00000000 AS DateTime), CAST(0x00008EAB00000000 AS DateTime), N'ST_CLERK', CAST(50 AS Numeric(4, 0)))
INSERT [dbo].[JOB_HISTORY] ([EMPLOYEE_ID], [START_DATE], [END_DATE], [JOB_ID], [DEPARTMENT_ID]) VALUES (CAST(200 AS Numeric(6, 0)), CAST(0x00007D2300000000 AS DateTime), CAST(0x0000855700000000 AS DateTime), N'AD_ASST', CAST(90 AS Numeric(4, 0)))
INSERT [dbo].[JOB_HISTORY] ([EMPLOYEE_ID], [START_DATE], [END_DATE], [JOB_ID], [DEPARTMENT_ID]) VALUES (CAST(176 AS Numeric(6, 0)), CAST(0x00008C2400000000 AS DateTime), CAST(0x00008D3E00000000 AS DateTime), N'SA_REP', CAST(80 AS Numeric(4, 0)))
INSERT [dbo].[JOB_HISTORY] ([EMPLOYEE_ID], [START_DATE], [END_DATE], [JOB_ID], [DEPARTMENT_ID]) VALUES (CAST(176 AS Numeric(6, 0)), CAST(0x00008D3F00000000 AS DateTime), CAST(0x00008EAB00000000 AS DateTime), N'SA_MAN', CAST(80 AS Numeric(4, 0)))
INSERT [dbo].[JOB_HISTORY] ([EMPLOYEE_ID], [START_DATE], [END_DATE], [JOB_ID], [DEPARTMENT_ID]) VALUES (CAST(200 AS Numeric(6, 0)), CAST(0x000086D200000000 AS DateTime), CAST(0x00008D3E00000000 AS DateTime), N'AC_ACCOUNT', CAST(90 AS Numeric(4, 0)))
/****** Object:  Table [dbo].[EMPLOYEES]     ******/
SET ANSI_NULLS ON
GO
SET QUOTED_IDENTIFIER ON
GO
SET ANSI_PADDING ON
GO
IF NOT EXISTS (SELECT * FROM sys.objects WHERE object_id = OBJECT_ID(N'[dbo].[EMPLOYEES]') AND type in (N'U'))
BEGIN
CREATE TABLE [dbo].[EMPLOYEES](
	[EMPLOYEE_ID] [numeric](6, 0) NOT NULL,
	[FIRST_NAME] [varchar](20) NULL,
	[LAST_NAME] [varchar](25) NOT NULL,
	[PHONE_NUMBER] [varchar](20) NULL,
	[HIRE_DATE] [datetime] NOT NULL,
	[JOB_ID] [varchar](10) NOT NULL,
	[SALARY] [numeric](8, 2) NULL,
	[COMMISSION_PCT] [numeric](2, 2) NULL,
	[MANAGER_ID] [numeric](6, 0) NULL,
	[DEPARTMENT_ID] [numeric](4, 0) NULL,
 CONSTRAINT [PK_EMPLOYEES] PRIMARY KEY CLUSTERED 
(
	[EMPLOYEE_ID] ASC
)WITH (PAD_INDEX  = OFF, STATISTICS_NORECOMPUTE  = OFF, IGNORE_DUP_KEY = OFF, ALLOW_ROW_LOCKS  = ON, ALLOW_PAGE_LOCKS  = ON) ON [PRIMARY]
) ON [PRIMARY]
END
GO
SET ANSI_PADDING OFF
GO
INSERT [dbo].[EMPLOYEES] ([EMPLOYEE_ID], [FIRST_NAME], [LAST_NAME], [PHONE_NUMBER], [HIRE_DATE], [JOB_ID], [SALARY], [COMMISSION_PCT], [MANAGER_ID], [DEPARTMENT_ID]) VALUES (CAST(100 AS Numeric(6, 0)), N'Steve', N'Marshall', N'515.123.4567', CAST(0x00007CC700000000 AS DateTime), N'AD_PRES', CAST(24000.00 AS Numeric(8, 2)), NULL, NULL, CAST(90 AS Numeric(4, 0)))
INSERT [dbo].[EMPLOYEES] ([EMPLOYEE_ID], [FIRST_NAME], [LAST_NAME], [PHONE_NUMBER], [HIRE_DATE], [JOB_ID], [SALARY], [COMMISSION_PCT], [MANAGER_ID], [DEPARTMENT_ID]) VALUES (CAST(101 AS Numeric(6, 0)), N'Jhon', N'Kusher', N'515.123.4568', CAST(0x0000800200000000 AS DateTime), N'AD_VP', CAST(17000.00 AS Numeric(8, 2)), NULL, CAST(100 AS Numeric(6, 0)), CAST(90 AS Numeric(4, 0)))
INSERT [dbo].[EMPLOYEES] ([EMPLOYEE_ID], [FIRST_NAME], [LAST_NAME], [PHONE_NUMBER], [HIRE_DATE], [JOB_ID], [SALARY], [COMMISSION_PCT], [MANAGER_ID], [DEPARTMENT_ID]) VALUES (CAST(102 AS Numeric(6, 0)), N'Lex', N'De Boer', N'515.123.4569', CAST(0x000084BC00000000 AS DateTime), N'AD_VP', CAST(17000.00 AS Numeric(8, 2)), NULL, CAST(100 AS Numeric(6, 0)), CAST(90 AS Numeric(4, 0)))
INSERT [dbo].[EMPLOYEES] ([EMPLOYEE_ID], [FIRST_NAME], [LAST_NAME], [PHONE_NUMBER], [HIRE_DATE], [JOB_ID], [SALARY], [COMMISSION_PCT], [MANAGER_ID], [DEPARTMENT_ID]) VALUES (CAST(103 AS Numeric(6, 0)), N'Alexander', N'Harmat', N'590.423.4567', CAST(0x0000806A00000000 AS DateTime), N'IT_PROG', CAST(9000.00 AS Numeric(8, 2)), NULL, CAST(102 AS Numeric(6, 0)), CAST(60 AS Numeric(4, 0)))
INSERT [dbo].[EMPLOYEES] ([EMPLOYEE_ID], [FIRST_NAME], [LAST_NAME], [PHONE_NUMBER], [HIRE_DATE], [JOB_ID], [SALARY], [COMMISSION_PCT], [MANAGER_ID], [DEPARTMENT_ID]) VALUES (CAST(104 AS Numeric(6, 0)), N'Bruce', N'Polikarpenko', N'590.423.4568', CAST(0x0000826100000000 AS DateTime), N'IT_PROG', CAST(6000.00 AS Numeric(8, 2)), NULL, CAST(103 AS Numeric(6, 0)), CAST(60 AS Numeric(4, 0)))
INSERT [dbo].[EMPLOYEES] ([EMPLOYEE_ID], [FIRST_NAME], [LAST_NAME], [PHONE_NUMBER], [HIRE_DATE], [JOB_ID], [SALARY], [COMMISSION_PCT], [MANAGER_ID], [DEPARTMENT_ID]) VALUES (CAST(107 AS Numeric(6, 0)), N'Diana', N'Lopez', N'590.423.5567', CAST(0x00008D6400000000 AS DateTime), N'IT_PROG', CAST(4200.00 AS Numeric(8, 2)), NULL, CAST(103 AS Numeric(6, 0)), CAST(60 AS Numeric(4, 0)))
INSERT [dbo].[EMPLOYEES] ([EMPLOYEE_ID], [FIRST_NAME], [LAST_NAME], [PHONE_NUMBER], [HIRE_DATE], [JOB_ID], [SALARY], [COMMISSION_PCT], [MANAGER_ID], [DEPARTMENT_ID]) VALUES (CAST(124 AS Numeric(6, 0)), N'Oscar', N'Galindez', N'650.123.5234', CAST(0x00008E7E00000000 AS DateTime), N'ST_MAN', CAST(5800.00 AS Numeric(8, 2)), NULL, CAST(100 AS Numeric(6, 0)), CAST(50 AS Numeric(4, 0)))
INSERT [dbo].[EMPLOYEES] ([EMPLOYEE_ID], [FIRST_NAME], [LAST_NAME], [PHONE_NUMBER], [HIRE_DATE], [JOB_ID], [SALARY], [COMMISSION_PCT], [MANAGER_ID], [DEPARTMENT_ID]) VALUES (CAST(141 AS Numeric(6, 0)), N'Leonardo', N'Mourglia', N'650.121.8009', CAST(0x000088AB00000000 AS DateTime), N'ST_CLERK', CAST(3500.00 AS Numeric(8, 2)), NULL, CAST(124 AS Numeric(6, 0)), CAST(50 AS Numeric(4, 0)))
INSERT [dbo].[EMPLOYEES] ([EMPLOYEE_ID], [FIRST_NAME], [LAST_NAME], [PHONE_NUMBER], [HIRE_DATE], [JOB_ID], [SALARY], [COMMISSION_PCT], [MANAGER_ID], [DEPARTMENT_ID]) VALUES (CAST(142 AS Numeric(6, 0)), N'Curtis', N'Davies', N'650.121.2994', CAST(0x00008A8100000000 AS DateTime), N'ST_CLERK', CAST(3100.00 AS Numeric(8, 2)), NULL, CAST(124 AS Numeric(6, 0)), CAST(50 AS Numeric(4, 0)))
INSERT [dbo].[EMPLOYEES] ([EMPLOYEE_ID], [FIRST_NAME], [LAST_NAME], [PHONE_NUMBER], [HIRE_DATE], [JOB_ID], [SALARY], [COMMISSION_PCT], [MANAGER_ID], [DEPARTMENT_ID]) VALUES (CAST(143 AS Numeric(6, 0)), N'Diego', N'Garcia', N'650.121.2874', CAST(0x00008C1B00000000 AS DateTime), N'ST_CLERK', CAST(2600.00 AS Numeric(8, 2)), NULL, CAST(124 AS Numeric(6, 0)), CAST(50 AS Numeric(4, 0)))
INSERT [dbo].[EMPLOYEES] ([EMPLOYEE_ID], [FIRST_NAME], [LAST_NAME], [PHONE_NUMBER], [HIRE_DATE], [JOB_ID], [SALARY], [COMMISSION_PCT], [MANAGER_ID], [DEPARTMENT_ID]) VALUES (CAST(144 AS Numeric(6, 0)), N'Peter', N'Reid', N'650.121.2004', CAST(0x00008C8F00000000 AS DateTime), N'ST_CLERK', CAST(2500.00 AS Numeric(8, 2)), NULL, CAST(124 AS Numeric(6, 0)), CAST(50 AS Numeric(4, 0)))
INSERT [dbo].[EMPLOYEES] ([EMPLOYEE_ID], [FIRST_NAME], [LAST_NAME], [PHONE_NUMBER], [HIRE_DATE], [JOB_ID], [SALARY], [COMMISSION_PCT], [MANAGER_ID], [DEPARTMENT_ID]) VALUES (CAST(149 AS Numeric(6, 0)), N'Faris', N'Al Sultan', N'011.44.1344.429018', CAST(0x00008EC800000000 AS DateTime), N'SA_MAN', CAST(10500.00 AS Numeric(8, 2)), CAST(0.20 AS Numeric(2, 2)), CAST(100 AS Numeric(6, 0)), CAST(80 AS Numeric(4, 0)))
INSERT [dbo].[EMPLOYEES] ([EMPLOYEE_ID], [FIRST_NAME], [LAST_NAME], [PHONE_NUMBER], [HIRE_DATE], [JOB_ID], [SALARY], [COMMISSION_PCT], [MANAGER_ID], [DEPARTMENT_ID]) VALUES (CAST(174 AS Numeric(6, 0)), N'Ellen', N'Leder', N'011.44.1644.429267', CAST(0x0000897A00000000 AS DateTime), N'SA_REP', CAST(11000.00 AS Numeric(8, 2)), CAST(0.30 AS Numeric(2, 2)), CAST(149 AS Numeric(6, 0)), CAST(80 AS Numeric(4, 0)))
INSERT [dbo].[EMPLOYEES] ([EMPLOYEE_ID], [FIRST_NAME], [LAST_NAME], [PHONE_NUMBER], [HIRE_DATE], [JOB_ID], [SALARY], [COMMISSION_PCT], [MANAGER_ID], [DEPARTMENT_ID]) VALUES (CAST(176 AS Numeric(6, 0)), N'Gary', N'Taylor', N'011.44.1644.429265', CAST(0x00008C2400000000 AS DateTime), N'SA_REP', CAST(8600.00 AS Numeric(8, 2)), CAST(0.20 AS Numeric(2, 2)), CAST(149 AS Numeric(6, 0)), CAST(80 AS Numeric(4, 0)))
INSERT [dbo].[EMPLOYEES] ([EMPLOYEE_ID], [FIRST_NAME], [LAST_NAME], [PHONE_NUMBER], [HIRE_DATE], [JOB_ID], [SALARY], [COMMISSION_PCT], [MANAGER_ID], [DEPARTMENT_ID]) VALUES (CAST(178 AS Numeric(6, 0)), N'Carol', N'Montgomery', N'011.44.1644.429263', CAST(0x00008DCE00000000 AS DateTime), N'SA_REP', CAST(7000.00 AS Numeric(8, 2)), CAST(0.15 AS Numeric(2, 2)), CAST(149 AS Numeric(6, 0)), NULL)
INSERT [dbo].[EMPLOYEES] ([EMPLOYEE_ID], [FIRST_NAME], [LAST_NAME], [PHONE_NUMBER], [HIRE_DATE], [JOB_ID], [SALARY], [COMMISSION_PCT], [MANAGER_ID], [DEPARTMENT_ID]) VALUES (CAST(200 AS Numeric(6, 0)), N'Mateo', N'Orlandini', N'515.123.4444', CAST(0x00007D2300000000 AS DateTime), N'AD_ASST', CAST(4400.00 AS Numeric(8, 2)), NULL, CAST(101 AS Numeric(6, 0)), CAST(10 AS Numeric(4, 0)))
INSERT [dbo].[EMPLOYEES] ([EMPLOYEE_ID], [FIRST_NAME], [LAST_NAME], [PHONE_NUMBER], [HIRE_DATE], [JOB_ID], [SALARY], [COMMISSION_PCT], [MANAGER_ID], [DEPARTMENT_ID]) VALUES (CAST(201 AS Numeric(6, 0)), N'Ulises', N'Giusti', N'515.123.5555', CAST(0x0000892600000000 AS DateTime), N'MK_MAN', CAST(13000.00 AS Numeric(8, 2)), NULL, CAST(100 AS Numeric(6, 0)), CAST(20 AS Numeric(4, 0)))
INSERT [dbo].[EMPLOYEES] ([EMPLOYEE_ID], [FIRST_NAME], [LAST_NAME], [PHONE_NUMBER], [HIRE_DATE], [JOB_ID], [SALARY], [COMMISSION_PCT], [MANAGER_ID], [DEPARTMENT_ID]) VALUES (CAST(202 AS Numeric(6, 0)), N'Martin', N'Sturla', N'603.123.6666', CAST(0x00008B4900000000 AS DateTime), N'MK_REP', CAST(6000.00 AS Numeric(8, 2)), NULL, CAST(201 AS Numeric(6, 0)), CAST(20 AS Numeric(4, 0)))
INSERT [dbo].[EMPLOYEES] ([EMPLOYEE_ID], [FIRST_NAME], [LAST_NAME], [PHONE_NUMBER], [HIRE_DATE], [JOB_ID], [SALARY], [COMMISSION_PCT], [MANAGER_ID], [DEPARTMENT_ID]) VALUES (CAST(205 AS Numeric(6, 0)), N'Julieta', N'Cardenas', N'515.123.8080', CAST(0x000086BA00000000 AS DateTime), N'AC_MGR', CAST(12000.00 AS Numeric(8, 2)), NULL, CAST(101 AS Numeric(6, 0)), CAST(110 AS Numeric(4, 0)))
INSERT [dbo].[EMPLOYEES] ([EMPLOYEE_ID], [FIRST_NAME], [LAST_NAME], [PHONE_NUMBER], [HIRE_DATE], [JOB_ID], [SALARY], [COMMISSION_PCT], [MANAGER_ID], [DEPARTMENT_ID]) VALUES (CAST(206 AS Numeric(6, 0)), N'William', N'De Boom', N'515.123.8181', CAST(0x000086BA00000000 AS DateTime), N'AC_ACCOUNT', CAST(8300.00 AS Numeric(8, 2)), NULL, CAST(205 AS Numeric(6, 0)), CAST(110 AS Numeric(4, 0)))
/****** Object:  Table [dbo].[JOB_GRADES]     ******/
SET ANSI_NULLS ON
GO
SET QUOTED_IDENTIFIER ON
GO
SET ANSI_PADDING ON
GO
IF NOT EXISTS (SELECT * FROM sys.objects WHERE object_id = OBJECT_ID(N'[dbo].[JOB_GRADES]') AND type in (N'U'))
BEGIN
CREATE TABLE [dbo].[JOB_GRADES](
	[GRADE_LEVEL] [varchar](3) NULL,
	[LOWEST_SAL] [numeric](38, 0) NULL,
	[HIGHEST_SAL] [numeric](38, 0) NULL
) ON [PRIMARY]
END
GO
SET ANSI_PADDING OFF
GO
INSERT [dbo].[JOB_GRADES] ([GRADE_LEVEL], [LOWEST_SAL], [HIGHEST_SAL]) VALUES (N'A', CAST(1000 AS Numeric(38, 0)), CAST(2999 AS Numeric(38, 0)))
INSERT [dbo].[JOB_GRADES] ([GRADE_LEVEL], [LOWEST_SAL], [HIGHEST_SAL]) VALUES (N'B', CAST(3000 AS Numeric(38, 0)), CAST(5999 AS Numeric(38, 0)))
INSERT [dbo].[JOB_GRADES] ([GRADE_LEVEL], [LOWEST_SAL], [HIGHEST_SAL]) VALUES (N'C', CAST(6000 AS Numeric(38, 0)), CAST(9999 AS Numeric(38, 0)))
INSERT [dbo].[JOB_GRADES] ([GRADE_LEVEL], [LOWEST_SAL], [HIGHEST_SAL]) VALUES (N'D', CAST(10000 AS Numeric(38, 0)), CAST(14999 AS Numeric(38, 0)))
INSERT [dbo].[JOB_GRADES] ([GRADE_LEVEL], [LOWEST_SAL], [HIGHEST_SAL]) VALUES (N'E', CAST(15000 AS Numeric(38, 0)), CAST(24999 AS Numeric(38, 0)))
INSERT [dbo].[JOB_GRADES] ([GRADE_LEVEL], [LOWEST_SAL], [HIGHEST_SAL]) VALUES (N'F', CAST(25000 AS Numeric(38, 0)), CAST(40000 AS Numeric(38, 0)))
/****** Object:  Table [dbo].[EMP_DETAILS_VIEW]    ******/
SET ANSI_NULLS ON
GO
SET QUOTED_IDENTIFIER ON
GO
SET ANSI_PADDING ON
GO
IF NOT EXISTS (SELECT * FROM sys.objects WHERE object_id = OBJECT_ID(N'[dbo].[EMP_DETAILS_VIEW]') AND type in (N'U'))
BEGIN
CREATE TABLE [dbo].[EMP_DETAILS_VIEW](
	[EMPLOYEE_ID] [numeric](6, 0) NOT NULL,
	[JOB_ID] [varchar](10) NOT NULL,
	[MANAGER_ID] [numeric](6, 0) NULL,
	[DEPARTMENT_ID] [numeric](4, 0) NULL,
	[LOCATION_ID] [numeric](4, 0) NULL,
	[COUNTRY_ID] [char](2) NULL,
	[FIRST_NAME] [varchar](20) NULL,
	[LAST_NAME] [varchar](25) NOT NULL,
	[SALARY] [numeric](8, 2) NULL,
	[COMMISSION_PCT] [numeric](2, 2) NULL,
	[DEPARTMENT_NAME] [varchar](30) NOT NULL,
	[JOB_TITLE] [varchar](35) NOT NULL,
	[CITY] [varchar](30) NOT NULL,
	[STATE_PROVINCE] [varchar](25) NULL,
	[COUNTRY_NAME] [varchar](40) NULL,
	[REGION_NAME] [varchar](25) NULL
) ON [PRIMARY]
END
GO
SET ANSI_PADDING OFF
GO
INSERT [dbo].[EMP_DETAILS_VIEW] ([EMPLOYEE_ID], [JOB_ID], [MANAGER_ID], [DEPARTMENT_ID], [LOCATION_ID], [COUNTRY_ID], [FIRST_NAME], [LAST_NAME], [SALARY], [COMMISSION_PCT], [DEPARTMENT_NAME], [JOB_TITLE], [CITY], [STATE_PROVINCE], [COUNTRY_NAME], [REGION_NAME]) VALUES (CAST(100 AS Numeric(6, 0)), N'AD_PRES', NULL, CAST(90 AS Numeric(4, 0)), CAST(1700 AS Numeric(4, 0)), N'US', N'Steven', N'King', CAST(24000.00 AS Numeric(8, 2)), NULL, N'Executive', N'President', N'Seattle', N'Washington', N'United States of America', N'Americas')
INSERT [dbo].[EMP_DETAILS_VIEW] ([EMPLOYEE_ID], [JOB_ID], [MANAGER_ID], [DEPARTMENT_ID], [LOCATION_ID], [COUNTRY_ID], [FIRST_NAME], [LAST_NAME], [SALARY], [COMMISSION_PCT], [DEPARTMENT_NAME], [JOB_TITLE], [CITY], [STATE_PROVINCE], [COUNTRY_NAME], [REGION_NAME]) VALUES (CAST(101 AS Numeric(6, 0)), N'AD_VP', CAST(100 AS Numeric(6, 0)), CAST(90 AS Numeric(4, 0)), CAST(1700 AS Numeric(4, 0)), N'US', N'Neena', N'Kochhar', CAST(17000.00 AS Numeric(8, 2)), NULL, N'Executive', N'Administration Vice President', N'Seattle', N'Washington', N'United States of America', N'Americas')
INSERT [dbo].[EMP_DETAILS_VIEW] ([EMPLOYEE_ID], [JOB_ID], [MANAGER_ID], [DEPARTMENT_ID], [LOCATION_ID], [COUNTRY_ID], [FIRST_NAME], [LAST_NAME], [SALARY], [COMMISSION_PCT], [DEPARTMENT_NAME], [JOB_TITLE], [CITY], [STATE_PROVINCE], [COUNTRY_NAME], [REGION_NAME]) VALUES (CAST(102 AS Numeric(6, 0)), N'AD_VP', CAST(100 AS Numeric(6, 0)), CAST(90 AS Numeric(4, 0)), CAST(1700 AS Numeric(4, 0)), N'US', N'Lex', N'De Haan', CAST(17000.00 AS Numeric(8, 2)), NULL, N'Executive', N'Administration Vice President', N'Seattle', N'Washington', N'United States of America', N'Americas')
INSERT [dbo].[EMP_DETAILS_VIEW] ([EMPLOYEE_ID], [JOB_ID], [MANAGER_ID], [DEPARTMENT_ID], [LOCATION_ID], [COUNTRY_ID], [FIRST_NAME], [LAST_NAME], [SALARY], [COMMISSION_PCT], [DEPARTMENT_NAME], [JOB_TITLE], [CITY], [STATE_PROVINCE], [COUNTRY_NAME], [REGION_NAME]) VALUES (CAST(103 AS Numeric(6, 0)), N'IT_PROG', CAST(102 AS Numeric(6, 0)), CAST(60 AS Numeric(4, 0)), CAST(1400 AS Numeric(4, 0)), N'US', N'Alexander', N'Hunold', CAST(9000.00 AS Numeric(8, 2)), NULL, N'IT', N'Programmer', N'Southlake', N'Texas', N'United States of America', N'Americas')
INSERT [dbo].[EMP_DETAILS_VIEW] ([EMPLOYEE_ID], [JOB_ID], [MANAGER_ID], [DEPARTMENT_ID], [LOCATION_ID], [COUNTRY_ID], [FIRST_NAME], [LAST_NAME], [SALARY], [COMMISSION_PCT], [DEPARTMENT_NAME], [JOB_TITLE], [CITY], [STATE_PROVINCE], [COUNTRY_NAME], [REGION_NAME]) VALUES (CAST(104 AS Numeric(6, 0)), N'IT_PROG', CAST(103 AS Numeric(6, 0)), CAST(60 AS Numeric(4, 0)), CAST(1400 AS Numeric(4, 0)), N'US', N'Bruce', N'Ernst', CAST(6000.00 AS Numeric(8, 2)), NULL, N'IT', N'Programmer', N'Southlake', N'Texas', N'United States of America', N'Americas')
INSERT [dbo].[EMP_DETAILS_VIEW] ([EMPLOYEE_ID], [JOB_ID], [MANAGER_ID], [DEPARTMENT_ID], [LOCATION_ID], [COUNTRY_ID], [FIRST_NAME], [LAST_NAME], [SALARY], [COMMISSION_PCT], [DEPARTMENT_NAME], [JOB_TITLE], [CITY], [STATE_PROVINCE], [COUNTRY_NAME], [REGION_NAME]) VALUES (CAST(107 AS Numeric(6, 0)), N'IT_PROG', CAST(103 AS Numeric(6, 0)), CAST(60 AS Numeric(4, 0)), CAST(1400 AS Numeric(4, 0)), N'US', N'Diana', N'Lorentz', CAST(4200.00 AS Numeric(8, 2)), NULL, N'IT', N'Programmer', N'Southlake', N'Texas', N'United States of America', N'Americas')
INSERT [dbo].[EMP_DETAILS_VIEW] ([EMPLOYEE_ID], [JOB_ID], [MANAGER_ID], [DEPARTMENT_ID], [LOCATION_ID], [COUNTRY_ID], [FIRST_NAME], [LAST_NAME], [SALARY], [COMMISSION_PCT], [DEPARTMENT_NAME], [JOB_TITLE], [CITY], [STATE_PROVINCE], [COUNTRY_NAME], [REGION_NAME]) VALUES (CAST(124 AS Numeric(6, 0)), N'ST_MAN', CAST(100 AS Numeric(6, 0)), CAST(50 AS Numeric(4, 0)), CAST(1500 AS Numeric(4, 0)), N'US', N'Kevin', N'Mourgos', CAST(5800.00 AS Numeric(8, 2)), NULL, N'Shipping', N'Stock Manager', N'South San Francisco', N'California', N'United States of America', N'Americas')
INSERT [dbo].[EMP_DETAILS_VIEW] ([EMPLOYEE_ID], [JOB_ID], [MANAGER_ID], [DEPARTMENT_ID], [LOCATION_ID], [COUNTRY_ID], [FIRST_NAME], [LAST_NAME], [SALARY], [COMMISSION_PCT], [DEPARTMENT_NAME], [JOB_TITLE], [CITY], [STATE_PROVINCE], [COUNTRY_NAME], [REGION_NAME]) VALUES (CAST(141 AS Numeric(6, 0)), N'ST_CLERK', CAST(124 AS Numeric(6, 0)), CAST(50 AS Numeric(4, 0)), CAST(1500 AS Numeric(4, 0)), N'US', N'Trenna', N'Rajs', CAST(3500.00 AS Numeric(8, 2)), NULL, N'Shipping', N'Stock Clerk', N'South San Francisco', N'California', N'United States of America', N'Americas')
INSERT [dbo].[EMP_DETAILS_VIEW] ([EMPLOYEE_ID], [JOB_ID], [MANAGER_ID], [DEPARTMENT_ID], [LOCATION_ID], [COUNTRY_ID], [FIRST_NAME], [LAST_NAME], [SALARY], [COMMISSION_PCT], [DEPARTMENT_NAME], [JOB_TITLE], [CITY], [STATE_PROVINCE], [COUNTRY_NAME], [REGION_NAME]) VALUES (CAST(142 AS Numeric(6, 0)), N'ST_CLERK', CAST(124 AS Numeric(6, 0)), CAST(50 AS Numeric(4, 0)), CAST(1500 AS Numeric(4, 0)), N'US', N'Curtis', N'Davies', CAST(3100.00 AS Numeric(8, 2)), NULL, N'Shipping', N'Stock Clerk', N'South San Francisco', N'California', N'United States of America', N'Americas')
INSERT [dbo].[EMP_DETAILS_VIEW] ([EMPLOYEE_ID], [JOB_ID], [MANAGER_ID], [DEPARTMENT_ID], [LOCATION_ID], [COUNTRY_ID], [FIRST_NAME], [LAST_NAME], [SALARY], [COMMISSION_PCT], [DEPARTMENT_NAME], [JOB_TITLE], [CITY], [STATE_PROVINCE], [COUNTRY_NAME], [REGION_NAME]) VALUES (CAST(143 AS Numeric(6, 0)), N'ST_CLERK', CAST(124 AS Numeric(6, 0)), CAST(50 AS Numeric(4, 0)), CAST(1500 AS Numeric(4, 0)), N'US', N'Randall', N'Matos', CAST(2600.00 AS Numeric(8, 2)), NULL, N'Shipping', N'Stock Clerk', N'South San Francisco', N'California', N'United States of America', N'Americas')
INSERT [dbo].[EMP_DETAILS_VIEW] ([EMPLOYEE_ID], [JOB_ID], [MANAGER_ID], [DEPARTMENT_ID], [LOCATION_ID], [COUNTRY_ID], [FIRST_NAME], [LAST_NAME], [SALARY], [COMMISSION_PCT], [DEPARTMENT_NAME], [JOB_TITLE], [CITY], [STATE_PROVINCE], [COUNTRY_NAME], [REGION_NAME]) VALUES (CAST(144 AS Numeric(6, 0)), N'ST_CLERK', CAST(124 AS Numeric(6, 0)), CAST(50 AS Numeric(4, 0)), CAST(1500 AS Numeric(4, 0)), N'US', N'Peter', N'Vargas', CAST(2500.00 AS Numeric(8, 2)), NULL, N'Shipping', N'Stock Clerk', N'South San Francisco', N'California', N'United States of America', N'Americas')
INSERT [dbo].[EMP_DETAILS_VIEW] ([EMPLOYEE_ID], [JOB_ID], [MANAGER_ID], [DEPARTMENT_ID], [LOCATION_ID], [COUNTRY_ID], [FIRST_NAME], [LAST_NAME], [SALARY], [COMMISSION_PCT], [DEPARTMENT_NAME], [JOB_TITLE], [CITY], [STATE_PROVINCE], [COUNTRY_NAME], [REGION_NAME]) VALUES (CAST(149 AS Numeric(6, 0)), N'SA_MAN', CAST(100 AS Numeric(6, 0)), CAST(80 AS Numeric(4, 0)), CAST(2500 AS Numeric(4, 0)), N'UK', N'Eleni', N'Zlotkey', CAST(10500.00 AS Numeric(8, 2)), CAST(0.20 AS Numeric(2, 2)), N'Sales', N'Sales Manager', N'Oxford', N'Oxford', N'United Kingdom', N'Europe')
INSERT [dbo].[EMP_DETAILS_VIEW] ([EMPLOYEE_ID], [JOB_ID], [MANAGER_ID], [DEPARTMENT_ID], [LOCATION_ID], [COUNTRY_ID], [FIRST_NAME], [LAST_NAME], [SALARY], [COMMISSION_PCT], [DEPARTMENT_NAME], [JOB_TITLE], [CITY], [STATE_PROVINCE], [COUNTRY_NAME], [REGION_NAME]) VALUES (CAST(174 AS Numeric(6, 0)), N'SA_REP', CAST(149 AS Numeric(6, 0)), CAST(80 AS Numeric(4, 0)), CAST(2500 AS Numeric(4, 0)), N'UK', N'Ellen', N'Abel', CAST(11000.00 AS Numeric(8, 2)), CAST(0.30 AS Numeric(2, 2)), N'Sales', N'Sales Representative', N'Oxford', N'Oxford', N'United Kingdom', N'Europe')
INSERT [dbo].[EMP_DETAILS_VIEW] ([EMPLOYEE_ID], [JOB_ID], [MANAGER_ID], [DEPARTMENT_ID], [LOCATION_ID], [COUNTRY_ID], [FIRST_NAME], [LAST_NAME], [SALARY], [COMMISSION_PCT], [DEPARTMENT_NAME], [JOB_TITLE], [CITY], [STATE_PROVINCE], [COUNTRY_NAME], [REGION_NAME]) VALUES (CAST(176 AS Numeric(6, 0)), N'SA_REP', CAST(149 AS Numeric(6, 0)), CAST(80 AS Numeric(4, 0)), CAST(2500 AS Numeric(4, 0)), N'UK', N'Jonathon', N'Taylor', CAST(8600.00 AS Numeric(8, 2)), CAST(0.20 AS Numeric(2, 2)), N'Sales', N'Sales Representative', N'Oxford', N'Oxford', N'United Kingdom', N'Europe')
INSERT [dbo].[EMP_DETAILS_VIEW] ([EMPLOYEE_ID], [JOB_ID], [MANAGER_ID], [DEPARTMENT_ID], [LOCATION_ID], [COUNTRY_ID], [FIRST_NAME], [LAST_NAME], [SALARY], [COMMISSION_PCT], [DEPARTMENT_NAME], [JOB_TITLE], [CITY], [STATE_PROVINCE], [COUNTRY_NAME], [REGION_NAME]) VALUES (CAST(200 AS Numeric(6, 0)), N'AD_ASST', CAST(101 AS Numeric(6, 0)), CAST(10 AS Numeric(4, 0)), CAST(1700 AS Numeric(4, 0)), N'US', N'Jennifer', N'Whalen', CAST(4400.00 AS Numeric(8, 2)), NULL, N'Administration', N'Administration Assistant', N'Seattle', N'Washington', N'United States of America', N'Americas')
INSERT [dbo].[EMP_DETAILS_VIEW] ([EMPLOYEE_ID], [JOB_ID], [MANAGER_ID], [DEPARTMENT_ID], [LOCATION_ID], [COUNTRY_ID], [FIRST_NAME], [LAST_NAME], [SALARY], [COMMISSION_PCT], [DEPARTMENT_NAME], [JOB_TITLE], [CITY], [STATE_PROVINCE], [COUNTRY_NAME], [REGION_NAME]) VALUES (CAST(201 AS Numeric(6, 0)), N'MK_MAN', CAST(100 AS Numeric(6, 0)), CAST(20 AS Numeric(4, 0)), CAST(1800 AS Numeric(4, 0)), N'CA', N'Michael', N'Hartstein', CAST(13000.00 AS Numeric(8, 2)), NULL, N'Marketing', N'Marketing Manager', N'Toronto', N'Ontario', N'Canada', N'Americas')
INSERT [dbo].[EMP_DETAILS_VIEW] ([EMPLOYEE_ID], [JOB_ID], [MANAGER_ID], [DEPARTMENT_ID], [LOCATION_ID], [COUNTRY_ID], [FIRST_NAME], [LAST_NAME], [SALARY], [COMMISSION_PCT], [DEPARTMENT_NAME], [JOB_TITLE], [CITY], [STATE_PROVINCE], [COUNTRY_NAME], [REGION_NAME]) VALUES (CAST(202 AS Numeric(6, 0)), N'MK_REP', CAST(201 AS Numeric(6, 0)), CAST(20 AS Numeric(4, 0)), CAST(1800 AS Numeric(4, 0)), N'CA', N'Pat', N'Fay', CAST(6000.00 AS Numeric(8, 2)), NULL, N'Marketing', N'Marketing Representative', N'Toronto', N'Ontario', N'Canada', N'Americas')
INSERT [dbo].[EMP_DETAILS_VIEW] ([EMPLOYEE_ID], [JOB_ID], [MANAGER_ID], [DEPARTMENT_ID], [LOCATION_ID], [COUNTRY_ID], [FIRST_NAME], [LAST_NAME], [SALARY], [COMMISSION_PCT], [DEPARTMENT_NAME], [JOB_TITLE], [CITY], [STATE_PROVINCE], [COUNTRY_NAME], [REGION_NAME]) VALUES (CAST(205 AS Numeric(6, 0)), N'AC_MGR', CAST(101 AS Numeric(6, 0)), CAST(110 AS Numeric(4, 0)), CAST(1700 AS Numeric(4, 0)), N'US', N'Shelley', N'Higgins', CAST(12000.00 AS Numeric(8, 2)), NULL, N'Accounting', N'Accounting Manager', N'Seattle', N'Washington', N'United States of America', N'Americas')
INSERT [dbo].[EMP_DETAILS_VIEW] ([EMPLOYEE_ID], [JOB_ID], [MANAGER_ID], [DEPARTMENT_ID], [LOCATION_ID], [COUNTRY_ID], [FIRST_NAME], [LAST_NAME], [SALARY], [COMMISSION_PCT], [DEPARTMENT_NAME], [JOB_TITLE], [CITY], [STATE_PROVINCE], [COUNTRY_NAME], [REGION_NAME]) VALUES (CAST(206 AS Numeric(6, 0)), N'AC_ACCOUNT', CAST(205 AS Numeric(6, 0)), CAST(110 AS Numeric(4, 0)), CAST(1700 AS Numeric(4, 0)), N'US', N'William', N'Gietz', CAST(8300.00 AS Numeric(8, 2)), NULL, N'Accounting', N'Public Accountant', N'Seattle', N'Washington', N'United States of America', N'Americas')
/****** Object:  ForeignKey [FK_COUNTRIES_REGIONS]    ******/
IF NOT EXISTS (SELECT * FROM sys.foreign_keys WHERE object_id = OBJECT_ID(N'[dbo].[FK_COUNTRIES_REGIONS]') AND parent_object_id = OBJECT_ID(N'[dbo].[COUNTRIES]'))
ALTER TABLE [dbo].[COUNTRIES]  WITH CHECK ADD  CONSTRAINT [FK_COUNTRIES_REGIONS] FOREIGN KEY([REGION_ID])
REFERENCES [dbo].[REGIONS] ([REGION_ID])
GO
IF  EXISTS (SELECT * FROM sys.foreign_keys WHERE object_id = OBJECT_ID(N'[dbo].[FK_COUNTRIES_REGIONS]') AND parent_object_id = OBJECT_ID(N'[dbo].[COUNTRIES]'))
ALTER TABLE [dbo].[COUNTRIES] CHECK CONSTRAINT [FK_COUNTRIES_REGIONS]
GO
/****** Object:  ForeignKey [FK_DEPARTMENTS_EMPLOYEES]     ******/
IF NOT EXISTS (SELECT * FROM sys.foreign_keys WHERE object_id = OBJECT_ID(N'[dbo].[FK_DEPARTMENTS_EMPLOYEES]') AND parent_object_id = OBJECT_ID(N'[dbo].[DEPARTMENTS]'))
ALTER TABLE [dbo].[DEPARTMENTS]  WITH CHECK ADD  CONSTRAINT [FK_DEPARTMENTS_EMPLOYEES] FOREIGN KEY([MANAGER_ID])
REFERENCES [dbo].[EMPLOYEES] ([EMPLOYEE_ID])
GO
IF  EXISTS (SELECT * FROM sys.foreign_keys WHERE object_id = OBJECT_ID(N'[dbo].[FK_DEPARTMENTS_EMPLOYEES]') AND parent_object_id = OBJECT_ID(N'[dbo].[DEPARTMENTS]'))
ALTER TABLE [dbo].[DEPARTMENTS] CHECK CONSTRAINT [FK_DEPARTMENTS_EMPLOYEES]
GO
/****** Object:  ForeignKey [FK_DEPARTMENTS_LOCATIONS]    ******/
IF NOT EXISTS (SELECT * FROM sys.foreign_keys WHERE object_id = OBJECT_ID(N'[dbo].[FK_DEPARTMENTS_LOCATIONS]') AND parent_object_id = OBJECT_ID(N'[dbo].[DEPARTMENTS]'))
ALTER TABLE [dbo].[DEPARTMENTS]  WITH CHECK ADD  CONSTRAINT [FK_DEPARTMENTS_LOCATIONS] FOREIGN KEY([LOCATION_ID])
REFERENCES [dbo].[LOCATIONS] ([LOCATION_ID])
GO
IF  EXISTS (SELECT * FROM sys.foreign_keys WHERE object_id = OBJECT_ID(N'[dbo].[FK_DEPARTMENTS_LOCATIONS]') AND parent_object_id = OBJECT_ID(N'[dbo].[DEPARTMENTS]'))
ALTER TABLE [dbo].[DEPARTMENTS] CHECK CONSTRAINT [FK_DEPARTMENTS_LOCATIONS]
GO
/****** Object:  ForeignKey [FK_EMPLOYEES_DEPARTMENTS]    ******/
IF NOT EXISTS (SELECT * FROM sys.foreign_keys WHERE object_id = OBJECT_ID(N'[dbo].[FK_EMPLOYEES_DEPARTMENTS]') AND parent_object_id = OBJECT_ID(N'[dbo].[EMPLOYEES]'))
ALTER TABLE [dbo].[EMPLOYEES]  WITH CHECK ADD  CONSTRAINT [FK_EMPLOYEES_DEPARTMENTS] FOREIGN KEY([DEPARTMENT_ID])
REFERENCES [dbo].[DEPARTMENTS] ([DEPARTMENT_ID])
GO
IF  EXISTS (SELECT * FROM sys.foreign_keys WHERE object_id = OBJECT_ID(N'[dbo].[FK_EMPLOYEES_DEPARTMENTS]') AND parent_object_id = OBJECT_ID(N'[dbo].[EMPLOYEES]'))
ALTER TABLE [dbo].[EMPLOYEES] CHECK CONSTRAINT [FK_EMPLOYEES_DEPARTMENTS]
GO
/****** Object:  ForeignKey [FK_EMPLOYEES_JOBS]     ******/
IF NOT EXISTS (SELECT * FROM sys.foreign_keys WHERE object_id = OBJECT_ID(N'[dbo].[FK_EMPLOYEES_JOBS]') AND parent_object_id = OBJECT_ID(N'[dbo].[EMPLOYEES]'))
ALTER TABLE [dbo].[EMPLOYEES]  WITH CHECK ADD  CONSTRAINT [FK_EMPLOYEES_JOBS] FOREIGN KEY([JOB_ID])
REFERENCES [dbo].[JOBS] ([JOB_ID])
GO
IF  EXISTS (SELECT * FROM sys.foreign_keys WHERE object_id = OBJECT_ID(N'[dbo].[FK_EMPLOYEES_JOBS]') AND parent_object_id = OBJECT_ID(N'[dbo].[EMPLOYEES]'))
ALTER TABLE [dbo].[EMPLOYEES] CHECK CONSTRAINT [FK_EMPLOYEES_JOBS]
GO
/****** Object:  ForeignKey [FK_JOB_HISTORY_DEPARTMENTS]    ******/
IF NOT EXISTS (SELECT * FROM sys.foreign_keys WHERE object_id = OBJECT_ID(N'[dbo].[FK_JOB_HISTORY_DEPARTMENTS]') AND parent_object_id = OBJECT_ID(N'[dbo].[JOB_HISTORY]'))
ALTER TABLE [dbo].[JOB_HISTORY]  WITH CHECK ADD  CONSTRAINT [FK_JOB_HISTORY_DEPARTMENTS] FOREIGN KEY([DEPARTMENT_ID])
REFERENCES [dbo].[DEPARTMENTS] ([DEPARTMENT_ID])
GO
IF  EXISTS (SELECT * FROM sys.foreign_keys WHERE object_id = OBJECT_ID(N'[dbo].[FK_JOB_HISTORY_DEPARTMENTS]') AND parent_object_id = OBJECT_ID(N'[dbo].[JOB_HISTORY]'))
ALTER TABLE [dbo].[JOB_HISTORY] CHECK CONSTRAINT [FK_JOB_HISTORY_DEPARTMENTS]
GO
/****** Object:  ForeignKey [FK_JOB_HISTORY_JOBS]    ******/
IF NOT EXISTS (SELECT * FROM sys.foreign_keys WHERE object_id = OBJECT_ID(N'[dbo].[FK_JOB_HISTORY_JOBS]') AND parent_object_id = OBJECT_ID(N'[dbo].[JOB_HISTORY]'))
ALTER TABLE [dbo].[JOB_HISTORY]  WITH CHECK ADD  CONSTRAINT [FK_JOB_HISTORY_JOBS] FOREIGN KEY([JOB_ID])
REFERENCES [dbo].[JOBS] ([JOB_ID])
GO
IF  EXISTS (SELECT * FROM sys.foreign_keys WHERE object_id = OBJECT_ID(N'[dbo].[FK_JOB_HISTORY_JOBS]') AND parent_object_id = OBJECT_ID(N'[dbo].[JOB_HISTORY]'))
ALTER TABLE [dbo].[JOB_HISTORY] CHECK CONSTRAINT [FK_JOB_HISTORY_JOBS]
GO
/****** Object:  ForeignKey [FK_LOCATIONS_COUNTRIES]    ******/
IF NOT EXISTS (SELECT * FROM sys.foreign_keys WHERE object_id = OBJECT_ID(N'[dbo].[FK_LOCATIONS_COUNTRIES]') AND parent_object_id = OBJECT_ID(N'[dbo].[LOCATIONS]'))
ALTER TABLE [dbo].[LOCATIONS]  WITH CHECK ADD  CONSTRAINT [FK_LOCATIONS_COUNTRIES] FOREIGN KEY([COUNTRY_ID])
REFERENCES [dbo].[COUNTRIES] ([COUNTRY_ID])
GO
IF  EXISTS (SELECT * FROM sys.foreign_keys WHERE object_id = OBJECT_ID(N'[dbo].[FK_LOCATIONS_COUNTRIES]') AND parent_object_id = OBJECT_ID(N'[dbo].[LOCATIONS]'))
ALTER TABLE [dbo].[LOCATIONS] CHECK CONSTRAINT [FK_LOCATIONS_COUNTRIES]
GO
